file,class,method,variable,usage
C:\Users\draj0.CHANDRIKAV\Downloads\spring-petclinic-main\spring-petclinic-main\src\main\java\org\springframework\samples\petclinic\owner\Pet.java,org.springframework.samples.petclinic.owner.Pet,setType/1[org.springframework.samples.petclinic.owner.PetType],type,2
C:\Users\draj0.CHANDRIKAV\Downloads\spring-petclinic-main\spring-petclinic-main\src\main\java\org\springframework\samples\petclinic\owner\Pet.java,org.springframework.samples.petclinic.owner.Pet,addVisit/1[org.springframework.samples.petclinic.owner.Visit],visit,1
C:\Users\draj0.CHANDRIKAV\Downloads\spring-petclinic-main\spring-petclinic-main\src\main\java\org\springframework\samples\petclinic\owner\Pet.java,org.springframework.samples.petclinic.owner.Pet,setBirthDate/1[java.time.LocalDate],birthDate,2
C:\Users\draj0.CHANDRIKAV\Downloads\spring-petclinic-main\spring-petclinic-main\src\main\java\org\springframework\samples\petclinic\owner\VisitController.java,org.springframework.samples.petclinic.owner.VisitController,setAllowedFields/1[org.springframework.samples.petclinic.owner.WebDataBinder],dataBinder,1
C:\Users\draj0.CHANDRIKAV\Downloads\spring-petclinic-main\spring-petclinic-main\src\main\java\org\springframework\samples\petclinic\owner\VisitController.java,org.springframework.samples.petclinic.owner.VisitController,"processNewVisitForm/4[org.springframework.samples.petclinic.owner.Owner,int,org.springframework.samples.petclinic.owner.Visit,org.springframework.samples.petclinic.owner.BindingResult]",owner,2
C:\Users\draj0.CHANDRIKAV\Downloads\spring-petclinic-main\spring-petclinic-main\src\main\java\org\springframework\samples\petclinic\owner\VisitController.java,org.springframework.samples.petclinic.owner.VisitController,"processNewVisitForm/4[org.springframework.samples.petclinic.owner.Owner,int,org.springframework.samples.petclinic.owner.Visit,org.springframework.samples.petclinic.owner.BindingResult]",result,1
C:\Users\draj0.CHANDRIKAV\Downloads\spring-petclinic-main\spring-petclinic-main\src\main\java\org\springframework\samples\petclinic\owner\VisitController.java,org.springframework.samples.petclinic.owner.VisitController,"processNewVisitForm/4[org.springframework.samples.petclinic.owner.Owner,int,org.springframework.samples.petclinic.owner.Visit,org.springframework.samples.petclinic.owner.BindingResult]",petId,1
C:\Users\draj0.CHANDRIKAV\Downloads\spring-petclinic-main\spring-petclinic-main\src\main\java\org\springframework\samples\petclinic\owner\VisitController.java,org.springframework.samples.petclinic.owner.VisitController,"processNewVisitForm/4[org.springframework.samples.petclinic.owner.Owner,int,org.springframework.samples.petclinic.owner.Visit,org.springframework.samples.petclinic.owner.BindingResult]",visit,1
C:\Users\draj0.CHANDRIKAV\Downloads\spring-petclinic-main\spring-petclinic-main\src\main\java\org\springframework\samples\petclinic\owner\VisitController.java,org.springframework.samples.petclinic.owner.VisitController,VisitController/1[org.springframework.samples.petclinic.owner.OwnerRepository],owners,2
C:\Users\draj0.CHANDRIKAV\Downloads\spring-petclinic-main\spring-petclinic-main\src\main\java\org\springframework\samples\petclinic\owner\VisitController.java,org.springframework.samples.petclinic.owner.VisitController,"loadPetWithVisit/3[int,int,java.util.Map<java.lang.String,java.lang.Object>]",owner,2
C:\Users\draj0.CHANDRIKAV\Downloads\spring-petclinic-main\spring-petclinic-main\src\main\java\org\springframework\samples\petclinic\owner\VisitController.java,org.springframework.samples.petclinic.owner.VisitController,"loadPetWithVisit/3[int,int,java.util.Map<java.lang.String,java.lang.Object>]",petId,1
C:\Users\draj0.CHANDRIKAV\Downloads\spring-petclinic-main\spring-petclinic-main\src\main\java\org\springframework\samples\petclinic\owner\VisitController.java,org.springframework.samples.petclinic.owner.VisitController,"loadPetWithVisit/3[int,int,java.util.Map<java.lang.String,java.lang.Object>]",model,2
C:\Users\draj0.CHANDRIKAV\Downloads\spring-petclinic-main\spring-petclinic-main\src\main\java\org\springframework\samples\petclinic\owner\VisitController.java,org.springframework.samples.petclinic.owner.VisitController,"loadPetWithVisit/3[int,int,java.util.Map<java.lang.String,java.lang.Object>]",visit,2
C:\Users\draj0.CHANDRIKAV\Downloads\spring-petclinic-main\spring-petclinic-main\src\main\java\org\springframework\samples\petclinic\owner\VisitController.java,org.springframework.samples.petclinic.owner.VisitController,"loadPetWithVisit/3[int,int,java.util.Map<java.lang.String,java.lang.Object>]",ownerId,1
C:\Users\draj0.CHANDRIKAV\Downloads\spring-petclinic-main\spring-petclinic-main\src\main\java\org\springframework\samples\petclinic\owner\VisitController.java,org.springframework.samples.petclinic.owner.VisitController,"loadPetWithVisit/3[int,int,java.util.Map<java.lang.String,java.lang.Object>]",pet,2
C:\Users\draj0.CHANDRIKAV\Downloads\spring-petclinic-main\spring-petclinic-main\src\main\java\org\springframework\samples\petclinic\PetClinicRuntimeHints.java,org.springframework.samples.petclinic.PetClinicRuntimeHints,"registerHints/2[org.springframework.samples.petclinic.RuntimeHints,java.lang.ClassLoader]",classLoader,0
C:\Users\draj0.CHANDRIKAV\Downloads\spring-petclinic-main\spring-petclinic-main\src\main\java\org\springframework\samples\petclinic\PetClinicRuntimeHints.java,org.springframework.samples.petclinic.PetClinicRuntimeHints,"registerHints/2[org.springframework.samples.petclinic.RuntimeHints,java.lang.ClassLoader]",hints,3
C:\Users\draj0.CHANDRIKAV\Downloads\spring-petclinic-main\spring-petclinic-main\src\main\java\org\springframework\samples\petclinic\model\BaseEntity.java,org.springframework.samples.petclinic.model.BaseEntity,setId/1[java.lang.Integer],id,2
C:\Users\draj0.CHANDRIKAV\Downloads\spring-petclinic-main\spring-petclinic-main\src\main\java\org\springframework\samples\petclinic\PetClinicApplication.java,org.springframework.samples.petclinic.PetClinicApplication,main/1[java.lang.String[]],args,1
C:\Users\draj0.CHANDRIKAV\Downloads\spring-petclinic-main\spring-petclinic-main\src\main\java\org\springframework\samples\petclinic\model\NamedEntity.java,org.springframework.samples.petclinic.model.NamedEntity,setName/1[java.lang.String],name,2
C:\Users\draj0.CHANDRIKAV\Downloads\spring-petclinic-main\spring-petclinic-main\src\main\java\org\springframework\samples\petclinic\vet\VetRepository.java,org.springframework.samples.petclinic.vet.VetRepository,findAll/1[org.springframework.samples.petclinic.vet.Pageable],pageable,0
C:\Users\draj0.CHANDRIKAV\Downloads\spring-petclinic-main\spring-petclinic-main\src\main\java\org\springframework\samples\petclinic\owner\OwnerRepository.java,org.springframework.samples.petclinic.owner.OwnerRepository,"findByLastName/2[java.lang.String,org.springframework.samples.petclinic.owner.Pageable]",lastName,0
C:\Users\draj0.CHANDRIKAV\Downloads\spring-petclinic-main\spring-petclinic-main\src\main\java\org\springframework\samples\petclinic\owner\OwnerRepository.java,org.springframework.samples.petclinic.owner.OwnerRepository,"findByLastName/2[java.lang.String,org.springframework.samples.petclinic.owner.Pageable]",pageable,0
C:\Users\draj0.CHANDRIKAV\Downloads\spring-petclinic-main\spring-petclinic-main\src\main\java\org\springframework\samples\petclinic\owner\OwnerRepository.java,org.springframework.samples.petclinic.owner.OwnerRepository,findById/1[java.lang.Integer],id,0
C:\Users\draj0.CHANDRIKAV\Downloads\spring-petclinic-main\spring-petclinic-main\src\main\java\org\springframework\samples\petclinic\owner\OwnerRepository.java,org.springframework.samples.petclinic.owner.OwnerRepository,findAll/1[org.springframework.samples.petclinic.owner.Pageable],pageable,0
C:\Users\draj0.CHANDRIKAV\Downloads\spring-petclinic-main\spring-petclinic-main\src\main\java\org\springframework\samples\petclinic\owner\OwnerRepository.java,org.springframework.samples.petclinic.owner.OwnerRepository,save/1[org.springframework.samples.petclinic.owner.Owner],owner,0
C:\Users\draj0.CHANDRIKAV\Downloads\spring-petclinic-main\spring-petclinic-main\src\main\java\org\springframework\samples\petclinic\owner\Visit.java,org.springframework.samples.petclinic.owner.Visit,setDate/1[java.time.LocalDate],date,2
C:\Users\draj0.CHANDRIKAV\Downloads\spring-petclinic-main\spring-petclinic-main\src\main\java\org\springframework\samples\petclinic\owner\Visit.java,org.springframework.samples.petclinic.owner.Visit,setDescription/1[java.lang.String],description,2
C:\Users\draj0.CHANDRIKAV\Downloads\spring-petclinic-main\spring-petclinic-main\src\main\java\org\springframework\samples\petclinic\owner\Owner.java,org.springframework.samples.petclinic.owner.Owner,addPet/1[org.springframework.samples.petclinic.owner.Pet],pet,2
C:\Users\draj0.CHANDRIKAV\Downloads\spring-petclinic-main\spring-petclinic-main\src\main\java\org\springframework\samples\petclinic\owner\Owner.java,org.springframework.samples.petclinic.owner.Owner,getPet/1[java.lang.Integer],compId,1
C:\Users\draj0.CHANDRIKAV\Downloads\spring-petclinic-main\spring-petclinic-main\src\main\java\org\springframework\samples\petclinic\owner\Owner.java,org.springframework.samples.petclinic.owner.Owner,getPet/1[java.lang.Integer],id,1
C:\Users\draj0.CHANDRIKAV\Downloads\spring-petclinic-main\spring-petclinic-main\src\main\java\org\springframework\samples\petclinic\owner\Owner.java,org.springframework.samples.petclinic.owner.Owner,getPet/1[java.lang.Integer],pet,3
C:\Users\draj0.CHANDRIKAV\Downloads\spring-petclinic-main\spring-petclinic-main\src\main\java\org\springframework\samples\petclinic\owner\Owner.java,org.springframework.samples.petclinic.owner.Owner,getPet/1[java.lang.String],name,1
C:\Users\draj0.CHANDRIKAV\Downloads\spring-petclinic-main\spring-petclinic-main\src\main\java\org\springframework\samples\petclinic\owner\Owner.java,org.springframework.samples.petclinic.owner.Owner,"getPet/2[java.lang.String,boolean]",name,3
C:\Users\draj0.CHANDRIKAV\Downloads\spring-petclinic-main\spring-petclinic-main\src\main\java\org\springframework\samples\petclinic\owner\Owner.java,org.springframework.samples.petclinic.owner.Owner,"getPet/2[java.lang.String,boolean]",ignoreNew,1
C:\Users\draj0.CHANDRIKAV\Downloads\spring-petclinic-main\spring-petclinic-main\src\main\java\org\springframework\samples\petclinic\owner\Owner.java,org.springframework.samples.petclinic.owner.Owner,"getPet/2[java.lang.String,boolean]",compName,4
C:\Users\draj0.CHANDRIKAV\Downloads\spring-petclinic-main\spring-petclinic-main\src\main\java\org\springframework\samples\petclinic\owner\Owner.java,org.springframework.samples.petclinic.owner.Owner,"getPet/2[java.lang.String,boolean]",pet,3
C:\Users\draj0.CHANDRIKAV\Downloads\spring-petclinic-main\spring-petclinic-main\src\main\java\org\springframework\samples\petclinic\owner\Owner.java,org.springframework.samples.petclinic.owner.Owner,setTelephone/1[java.lang.String],telephone,2
C:\Users\draj0.CHANDRIKAV\Downloads\spring-petclinic-main\spring-petclinic-main\src\main\java\org\springframework\samples\petclinic\owner\Owner.java,org.springframework.samples.petclinic.owner.Owner,setCity/1[java.lang.String],city,2
C:\Users\draj0.CHANDRIKAV\Downloads\spring-petclinic-main\spring-petclinic-main\src\main\java\org\springframework\samples\petclinic\owner\Owner.java,org.springframework.samples.petclinic.owner.Owner,setAddress/1[java.lang.String],address,2
C:\Users\draj0.CHANDRIKAV\Downloads\spring-petclinic-main\spring-petclinic-main\src\main\java\org\springframework\samples\petclinic\owner\Owner.java,org.springframework.samples.petclinic.owner.Owner,"addVisit/2[java.lang.Integer,org.springframework.samples.petclinic.owner.Visit]",petId,2
C:\Users\draj0.CHANDRIKAV\Downloads\spring-petclinic-main\spring-petclinic-main\src\main\java\org\springframework\samples\petclinic\owner\Owner.java,org.springframework.samples.petclinic.owner.Owner,"addVisit/2[java.lang.Integer,org.springframework.samples.petclinic.owner.Visit]",visit,2
C:\Users\draj0.CHANDRIKAV\Downloads\spring-petclinic-main\spring-petclinic-main\src\main\java\org\springframework\samples\petclinic\owner\Owner.java,org.springframework.samples.petclinic.owner.Owner,"addVisit/2[java.lang.Integer,org.springframework.samples.petclinic.owner.Visit]",pet,2
C:\Users\draj0.CHANDRIKAV\Downloads\spring-petclinic-main\spring-petclinic-main\src\main\java\org\springframework\samples\petclinic\model\Person.java,org.springframework.samples.petclinic.model.Person,setLastName/1[java.lang.String],lastName,2
C:\Users\draj0.CHANDRIKAV\Downloads\spring-petclinic-main\spring-petclinic-main\src\main\java\org\springframework\samples\petclinic\model\Person.java,org.springframework.samples.petclinic.model.Person,setFirstName/1[java.lang.String],firstName,2
C:\Users\draj0.CHANDRIKAV\Downloads\spring-petclinic-main\spring-petclinic-main\src\main\java\org\springframework\samples\petclinic\owner\PetTypeFormatter.java,org.springframework.samples.petclinic.owner.PetTypeFormatter,PetTypeFormatter/1[org.springframework.samples.petclinic.owner.OwnerRepository],owners,2
C:\Users\draj0.CHANDRIKAV\Downloads\spring-petclinic-main\spring-petclinic-main\src\main\java\org\springframework\samples\petclinic\owner\PetTypeFormatter.java,org.springframework.samples.petclinic.owner.PetTypeFormatter,"print/2[org.springframework.samples.petclinic.owner.PetType,java.util.Locale]",petType,1
C:\Users\draj0.CHANDRIKAV\Downloads\spring-petclinic-main\spring-petclinic-main\src\main\java\org\springframework\samples\petclinic\owner\PetTypeFormatter.java,org.springframework.samples.petclinic.owner.PetTypeFormatter,"print/2[org.springframework.samples.petclinic.owner.PetType,java.util.Locale]",locale,0
C:\Users\draj0.CHANDRIKAV\Downloads\spring-petclinic-main\spring-petclinic-main\src\main\java\org\springframework\samples\petclinic\owner\PetTypeFormatter.java,org.springframework.samples.petclinic.owner.PetTypeFormatter,"parse/2[java.lang.String,java.util.Locale]",text,2
C:\Users\draj0.CHANDRIKAV\Downloads\spring-petclinic-main\spring-petclinic-main\src\main\java\org\springframework\samples\petclinic\owner\PetTypeFormatter.java,org.springframework.samples.petclinic.owner.PetTypeFormatter,"parse/2[java.lang.String,java.util.Locale]",locale,0
C:\Users\draj0.CHANDRIKAV\Downloads\spring-petclinic-main\spring-petclinic-main\src\main\java\org\springframework\samples\petclinic\owner\PetTypeFormatter.java,org.springframework.samples.petclinic.owner.PetTypeFormatter,"parse/2[java.lang.String,java.util.Locale]",type,2
C:\Users\draj0.CHANDRIKAV\Downloads\spring-petclinic-main\spring-petclinic-main\src\main\java\org\springframework\samples\petclinic\owner\PetTypeFormatter.java,org.springframework.samples.petclinic.owner.PetTypeFormatter,"parse/2[java.lang.String,java.util.Locale]",findPetTypes,2
C:\Users\draj0.CHANDRIKAV\Downloads\spring-petclinic-main\spring-petclinic-main\src\main\java\org\springframework\samples\petclinic\vet\VetController.java,org.springframework.samples.petclinic.vet.VetController,"showVetList/2[int,org.springframework.samples.petclinic.vet.Model]",paginated,2
C:\Users\draj0.CHANDRIKAV\Downloads\spring-petclinic-main\spring-petclinic-main\src\main\java\org\springframework\samples\petclinic\vet\VetController.java,org.springframework.samples.petclinic.vet.VetController,"showVetList/2[int,org.springframework.samples.petclinic.vet.Model]",vets,1
C:\Users\draj0.CHANDRIKAV\Downloads\spring-petclinic-main\spring-petclinic-main\src\main\java\org\springframework\samples\petclinic\vet\VetController.java,org.springframework.samples.petclinic.vet.VetController,"showVetList/2[int,org.springframework.samples.petclinic.vet.Model]",model,1
C:\Users\draj0.CHANDRIKAV\Downloads\spring-petclinic-main\spring-petclinic-main\src\main\java\org\springframework\samples\petclinic\vet\VetController.java,org.springframework.samples.petclinic.vet.VetController,"showVetList/2[int,org.springframework.samples.petclinic.vet.Model]",page,2
C:\Users\draj0.CHANDRIKAV\Downloads\spring-petclinic-main\spring-petclinic-main\src\main\java\org\springframework\samples\petclinic\vet\VetController.java,org.springframework.samples.petclinic.vet.VetController,findPaginated/1[int],pageSize,1
C:\Users\draj0.CHANDRIKAV\Downloads\spring-petclinic-main\spring-petclinic-main\src\main\java\org\springframework\samples\petclinic\vet\VetController.java,org.springframework.samples.petclinic.vet.VetController,findPaginated/1[int],pageable,1
C:\Users\draj0.CHANDRIKAV\Downloads\spring-petclinic-main\spring-petclinic-main\src\main\java\org\springframework\samples\petclinic\vet\VetController.java,org.springframework.samples.petclinic.vet.VetController,findPaginated/1[int],page,1
C:\Users\draj0.CHANDRIKAV\Downloads\spring-petclinic-main\spring-petclinic-main\src\main\java\org\springframework\samples\petclinic\vet\VetController.java,org.springframework.samples.petclinic.vet.VetController,"addPaginationModel/3[int,org.springframework.samples.petclinic.vet.Page<org.springframework.samples.petclinic.vet.Vet>,org.springframework.samples.petclinic.vet.Model]",paginated,3
C:\Users\draj0.CHANDRIKAV\Downloads\spring-petclinic-main\spring-petclinic-main\src\main\java\org\springframework\samples\petclinic\vet\VetController.java,org.springframework.samples.petclinic.vet.VetController,"addPaginationModel/3[int,org.springframework.samples.petclinic.vet.Page<org.springframework.samples.petclinic.vet.Vet>,org.springframework.samples.petclinic.vet.Model]",listVets,1
C:\Users\draj0.CHANDRIKAV\Downloads\spring-petclinic-main\spring-petclinic-main\src\main\java\org\springframework\samples\petclinic\vet\VetController.java,org.springframework.samples.petclinic.vet.VetController,"addPaginationModel/3[int,org.springframework.samples.petclinic.vet.Page<org.springframework.samples.petclinic.vet.Vet>,org.springframework.samples.petclinic.vet.Model]",model,4
C:\Users\draj0.CHANDRIKAV\Downloads\spring-petclinic-main\spring-petclinic-main\src\main\java\org\springframework\samples\petclinic\vet\VetController.java,org.springframework.samples.petclinic.vet.VetController,"addPaginationModel/3[int,org.springframework.samples.petclinic.vet.Page<org.springframework.samples.petclinic.vet.Vet>,org.springframework.samples.petclinic.vet.Model]",page,1
C:\Users\draj0.CHANDRIKAV\Downloads\spring-petclinic-main\spring-petclinic-main\src\main\java\org\springframework\samples\petclinic\vet\VetController.java,org.springframework.samples.petclinic.vet.VetController,showResourcesVetList/0,vets,2
C:\Users\draj0.CHANDRIKAV\Downloads\spring-petclinic-main\spring-petclinic-main\src\main\java\org\springframework\samples\petclinic\vet\VetController.java,org.springframework.samples.petclinic.vet.VetController,VetController/1[org.springframework.samples.petclinic.vet.VetRepository],clinicService,1
C:\Users\draj0.CHANDRIKAV\Downloads\spring-petclinic-main\spring-petclinic-main\src\main\java\org\springframework\samples\petclinic\owner\PetController.java,org.springframework.samples.petclinic.owner.PetController,initPetBinder/1[org.springframework.samples.petclinic.owner.WebDataBinder],dataBinder,1
C:\Users\draj0.CHANDRIKAV\Downloads\spring-petclinic-main\spring-petclinic-main\src\main\java\org\springframework\samples\petclinic\owner\PetController.java,org.springframework.samples.petclinic.owner.PetController,"processCreationForm/4[org.springframework.samples.petclinic.owner.Owner,org.springframework.samples.petclinic.owner.Pet,org.springframework.samples.petclinic.owner.BindingResult,org.springframework.samples.petclinic.owner.ModelMap]",owner,3
C:\Users\draj0.CHANDRIKAV\Downloads\spring-petclinic-main\spring-petclinic-main\src\main\java\org\springframework\samples\petclinic\owner\PetController.java,org.springframework.samples.petclinic.owner.PetController,"processCreationForm/4[org.springframework.samples.petclinic.owner.Owner,org.springframework.samples.petclinic.owner.Pet,org.springframework.samples.petclinic.owner.BindingResult,org.springframework.samples.petclinic.owner.ModelMap]",result,2
C:\Users\draj0.CHANDRIKAV\Downloads\spring-petclinic-main\spring-petclinic-main\src\main\java\org\springframework\samples\petclinic\owner\PetController.java,org.springframework.samples.petclinic.owner.PetController,"processCreationForm/4[org.springframework.samples.petclinic.owner.Owner,org.springframework.samples.petclinic.owner.Pet,org.springframework.samples.petclinic.owner.BindingResult,org.springframework.samples.petclinic.owner.ModelMap]",model,1
C:\Users\draj0.CHANDRIKAV\Downloads\spring-petclinic-main\spring-petclinic-main\src\main\java\org\springframework\samples\petclinic\owner\PetController.java,org.springframework.samples.petclinic.owner.PetController,"processCreationForm/4[org.springframework.samples.petclinic.owner.Owner,org.springframework.samples.petclinic.owner.Pet,org.springframework.samples.petclinic.owner.BindingResult,org.springframework.samples.petclinic.owner.ModelMap]",pet,5
C:\Users\draj0.CHANDRIKAV\Downloads\spring-petclinic-main\spring-petclinic-main\src\main\java\org\springframework\samples\petclinic\owner\PetController.java,org.springframework.samples.petclinic.owner.PetController,PetController/1[org.springframework.samples.petclinic.owner.OwnerRepository],owners,2
C:\Users\draj0.CHANDRIKAV\Downloads\spring-petclinic-main\spring-petclinic-main\src\main\java\org\springframework\samples\petclinic\owner\PetController.java,org.springframework.samples.petclinic.owner.PetController,"initUpdateForm/3[org.springframework.samples.petclinic.owner.Owner,int,org.springframework.samples.petclinic.owner.ModelMap]",owner,1
C:\Users\draj0.CHANDRIKAV\Downloads\spring-petclinic-main\spring-petclinic-main\src\main\java\org\springframework\samples\petclinic\owner\PetController.java,org.springframework.samples.petclinic.owner.PetController,"initUpdateForm/3[org.springframework.samples.petclinic.owner.Owner,int,org.springframework.samples.petclinic.owner.ModelMap]",petId,1
C:\Users\draj0.CHANDRIKAV\Downloads\spring-petclinic-main\spring-petclinic-main\src\main\java\org\springframework\samples\petclinic\owner\PetController.java,org.springframework.samples.petclinic.owner.PetController,"initUpdateForm/3[org.springframework.samples.petclinic.owner.Owner,int,org.springframework.samples.petclinic.owner.ModelMap]",model,1
C:\Users\draj0.CHANDRIKAV\Downloads\spring-petclinic-main\spring-petclinic-main\src\main\java\org\springframework\samples\petclinic\owner\PetController.java,org.springframework.samples.petclinic.owner.PetController,"initUpdateForm/3[org.springframework.samples.petclinic.owner.Owner,int,org.springframework.samples.petclinic.owner.ModelMap]",pet,1
C:\Users\draj0.CHANDRIKAV\Downloads\spring-petclinic-main\spring-petclinic-main\src\main\java\org\springframework\samples\petclinic\owner\PetController.java,org.springframework.samples.petclinic.owner.PetController,"initCreationForm/2[org.springframework.samples.petclinic.owner.Owner,org.springframework.samples.petclinic.owner.ModelMap]",owner,1
C:\Users\draj0.CHANDRIKAV\Downloads\spring-petclinic-main\spring-petclinic-main\src\main\java\org\springframework\samples\petclinic\owner\PetController.java,org.springframework.samples.petclinic.owner.PetController,"initCreationForm/2[org.springframework.samples.petclinic.owner.Owner,org.springframework.samples.petclinic.owner.ModelMap]",model,1
C:\Users\draj0.CHANDRIKAV\Downloads\spring-petclinic-main\spring-petclinic-main\src\main\java\org\springframework\samples\petclinic\owner\PetController.java,org.springframework.samples.petclinic.owner.PetController,"initCreationForm/2[org.springframework.samples.petclinic.owner.Owner,org.springframework.samples.petclinic.owner.ModelMap]",pet,2
C:\Users\draj0.CHANDRIKAV\Downloads\spring-petclinic-main\spring-petclinic-main\src\main\java\org\springframework\samples\petclinic\owner\PetController.java,org.springframework.samples.petclinic.owner.PetController,"processUpdateForm/4[org.springframework.samples.petclinic.owner.Pet,org.springframework.samples.petclinic.owner.BindingResult,org.springframework.samples.petclinic.owner.Owner,org.springframework.samples.petclinic.owner.ModelMap]",result,1
C:\Users\draj0.CHANDRIKAV\Downloads\spring-petclinic-main\spring-petclinic-main\src\main\java\org\springframework\samples\petclinic\owner\PetController.java,org.springframework.samples.petclinic.owner.PetController,"processUpdateForm/4[org.springframework.samples.petclinic.owner.Pet,org.springframework.samples.petclinic.owner.BindingResult,org.springframework.samples.petclinic.owner.Owner,org.springframework.samples.petclinic.owner.ModelMap]",owner,2
C:\Users\draj0.CHANDRIKAV\Downloads\spring-petclinic-main\spring-petclinic-main\src\main\java\org\springframework\samples\petclinic\owner\PetController.java,org.springframework.samples.petclinic.owner.PetController,"processUpdateForm/4[org.springframework.samples.petclinic.owner.Pet,org.springframework.samples.petclinic.owner.BindingResult,org.springframework.samples.petclinic.owner.Owner,org.springframework.samples.petclinic.owner.ModelMap]",model,1
C:\Users\draj0.CHANDRIKAV\Downloads\spring-petclinic-main\spring-petclinic-main\src\main\java\org\springframework\samples\petclinic\owner\PetController.java,org.springframework.samples.petclinic.owner.PetController,"processUpdateForm/4[org.springframework.samples.petclinic.owner.Pet,org.springframework.samples.petclinic.owner.BindingResult,org.springframework.samples.petclinic.owner.Owner,org.springframework.samples.petclinic.owner.ModelMap]",pet,2
C:\Users\draj0.CHANDRIKAV\Downloads\spring-petclinic-main\spring-petclinic-main\src\main\java\org\springframework\samples\petclinic\owner\PetController.java,org.springframework.samples.petclinic.owner.PetController,findOwner/1[int],ownerId,1
C:\Users\draj0.CHANDRIKAV\Downloads\spring-petclinic-main\spring-petclinic-main\src\main\java\org\springframework\samples\petclinic\owner\PetController.java,org.springframework.samples.petclinic.owner.PetController,"findPet/2[int,java.lang.Integer]",petId,2
C:\Users\draj0.CHANDRIKAV\Downloads\spring-petclinic-main\spring-petclinic-main\src\main\java\org\springframework\samples\petclinic\owner\PetController.java,org.springframework.samples.petclinic.owner.PetController,"findPet/2[int,java.lang.Integer]",ownerId,1
C:\Users\draj0.CHANDRIKAV\Downloads\spring-petclinic-main\spring-petclinic-main\src\main\java\org\springframework\samples\petclinic\owner\PetController.java,org.springframework.samples.petclinic.owner.PetController,initOwnerBinder/1[org.springframework.samples.petclinic.owner.WebDataBinder],dataBinder,1
C:\Users\draj0.CHANDRIKAV\Downloads\spring-petclinic-main\spring-petclinic-main\src\main\java\org\springframework\samples\petclinic\owner\PetValidator.java,org.springframework.samples.petclinic.owner.PetValidator,supports/1[java.lang.Class<?>],clazz,1
C:\Users\draj0.CHANDRIKAV\Downloads\spring-petclinic-main\spring-petclinic-main\src\main\java\org\springframework\samples\petclinic\owner\PetValidator.java,org.springframework.samples.petclinic.owner.PetValidator,"validate/2[java.lang.Object,org.springframework.samples.petclinic.owner.Errors]",obj,1
C:\Users\draj0.CHANDRIKAV\Downloads\spring-petclinic-main\spring-petclinic-main\src\main\java\org\springframework\samples\petclinic\owner\PetValidator.java,org.springframework.samples.petclinic.owner.PetValidator,"validate/2[java.lang.Object,org.springframework.samples.petclinic.owner.Errors]",name,1
C:\Users\draj0.CHANDRIKAV\Downloads\spring-petclinic-main\spring-petclinic-main\src\main\java\org\springframework\samples\petclinic\owner\PetValidator.java,org.springframework.samples.petclinic.owner.PetValidator,"validate/2[java.lang.Object,org.springframework.samples.petclinic.owner.Errors]",errors,3
C:\Users\draj0.CHANDRIKAV\Downloads\spring-petclinic-main\spring-petclinic-main\src\main\java\org\springframework\samples\petclinic\owner\PetValidator.java,org.springframework.samples.petclinic.owner.PetValidator,"validate/2[java.lang.Object,org.springframework.samples.petclinic.owner.Errors]",pet,4
C:\Users\draj0.CHANDRIKAV\Downloads\spring-petclinic-main\spring-petclinic-main\src\main\java\org\springframework\samples\petclinic\owner\OwnerController.java,org.springframework.samples.petclinic.owner.OwnerController,"processFindForm/4[int,org.springframework.samples.petclinic.owner.Owner,org.springframework.samples.petclinic.owner.BindingResult,org.springframework.samples.petclinic.owner.Model]",owner,5
C:\Users\draj0.CHANDRIKAV\Downloads\spring-petclinic-main\spring-petclinic-main\src\main\java\org\springframework\samples\petclinic\owner\OwnerController.java,org.springframework.samples.petclinic.owner.OwnerController,"processFindForm/4[int,org.springframework.samples.petclinic.owner.Owner,org.springframework.samples.petclinic.owner.BindingResult,org.springframework.samples.petclinic.owner.Model]",result,1
C:\Users\draj0.CHANDRIKAV\Downloads\spring-petclinic-main\spring-petclinic-main\src\main\java\org\springframework\samples\petclinic\owner\OwnerController.java,org.springframework.samples.petclinic.owner.OwnerController,"processFindForm/4[int,org.springframework.samples.petclinic.owner.Owner,org.springframework.samples.petclinic.owner.BindingResult,org.springframework.samples.petclinic.owner.Model]",ownersResults,4
C:\Users\draj0.CHANDRIKAV\Downloads\spring-petclinic-main\spring-petclinic-main\src\main\java\org\springframework\samples\petclinic\owner\OwnerController.java,org.springframework.samples.petclinic.owner.OwnerController,"processFindForm/4[int,org.springframework.samples.petclinic.owner.Owner,org.springframework.samples.petclinic.owner.BindingResult,org.springframework.samples.petclinic.owner.Model]",model,1
C:\Users\draj0.CHANDRIKAV\Downloads\spring-petclinic-main\spring-petclinic-main\src\main\java\org\springframework\samples\petclinic\owner\OwnerController.java,org.springframework.samples.petclinic.owner.OwnerController,"processFindForm/4[int,org.springframework.samples.petclinic.owner.Owner,org.springframework.samples.petclinic.owner.BindingResult,org.springframework.samples.petclinic.owner.Model]",page,2
C:\Users\draj0.CHANDRIKAV\Downloads\spring-petclinic-main\spring-petclinic-main\src\main\java\org\springframework\samples\petclinic\owner\OwnerController.java,org.springframework.samples.petclinic.owner.OwnerController,"addPaginationModel/3[int,org.springframework.samples.petclinic.owner.Model,org.springframework.samples.petclinic.owner.Page<org.springframework.samples.petclinic.owner.Owner>]",paginated,4
C:\Users\draj0.CHANDRIKAV\Downloads\spring-petclinic-main\spring-petclinic-main\src\main\java\org\springframework\samples\petclinic\owner\OwnerController.java,org.springframework.samples.petclinic.owner.OwnerController,"addPaginationModel/3[int,org.springframework.samples.petclinic.owner.Model,org.springframework.samples.petclinic.owner.Page<org.springframework.samples.petclinic.owner.Owner>]",listOwners,1
C:\Users\draj0.CHANDRIKAV\Downloads\spring-petclinic-main\spring-petclinic-main\src\main\java\org\springframework\samples\petclinic\owner\OwnerController.java,org.springframework.samples.petclinic.owner.OwnerController,"addPaginationModel/3[int,org.springframework.samples.petclinic.owner.Model,org.springframework.samples.petclinic.owner.Page<org.springframework.samples.petclinic.owner.Owner>]",model,5
C:\Users\draj0.CHANDRIKAV\Downloads\spring-petclinic-main\spring-petclinic-main\src\main\java\org\springframework\samples\petclinic\owner\OwnerController.java,org.springframework.samples.petclinic.owner.OwnerController,"addPaginationModel/3[int,org.springframework.samples.petclinic.owner.Model,org.springframework.samples.petclinic.owner.Page<org.springframework.samples.petclinic.owner.Owner>]",page,1
C:\Users\draj0.CHANDRIKAV\Downloads\spring-petclinic-main\spring-petclinic-main\src\main\java\org\springframework\samples\petclinic\owner\OwnerController.java,org.springframework.samples.petclinic.owner.OwnerController,"findPaginatedForOwnersLastName/2[int,java.lang.String]",pageSize,1
C:\Users\draj0.CHANDRIKAV\Downloads\spring-petclinic-main\spring-petclinic-main\src\main\java\org\springframework\samples\petclinic\owner\OwnerController.java,org.springframework.samples.petclinic.owner.OwnerController,"findPaginatedForOwnersLastName/2[int,java.lang.String]",pageable,1
C:\Users\draj0.CHANDRIKAV\Downloads\spring-petclinic-main\spring-petclinic-main\src\main\java\org\springframework\samples\petclinic\owner\OwnerController.java,org.springframework.samples.petclinic.owner.OwnerController,"findPaginatedForOwnersLastName/2[int,java.lang.String]",page,1
C:\Users\draj0.CHANDRIKAV\Downloads\spring-petclinic-main\spring-petclinic-main\src\main\java\org\springframework\samples\petclinic\owner\OwnerController.java,org.springframework.samples.petclinic.owner.OwnerController,"findPaginatedForOwnersLastName/2[int,java.lang.String]",lastname,1
C:\Users\draj0.CHANDRIKAV\Downloads\spring-petclinic-main\spring-petclinic-main\src\main\java\org\springframework\samples\petclinic\owner\OwnerController.java,org.springframework.samples.petclinic.owner.OwnerController,OwnerController/1[org.springframework.samples.petclinic.owner.OwnerRepository],clinicService,1
C:\Users\draj0.CHANDRIKAV\Downloads\spring-petclinic-main\spring-petclinic-main\src\main\java\org\springframework\samples\petclinic\owner\OwnerController.java,org.springframework.samples.petclinic.owner.OwnerController,"processUpdateOwnerForm/3[org.springframework.samples.petclinic.owner.Owner,org.springframework.samples.petclinic.owner.BindingResult,int]",owner,2
C:\Users\draj0.CHANDRIKAV\Downloads\spring-petclinic-main\spring-petclinic-main\src\main\java\org\springframework\samples\petclinic\owner\OwnerController.java,org.springframework.samples.petclinic.owner.OwnerController,"processUpdateOwnerForm/3[org.springframework.samples.petclinic.owner.Owner,org.springframework.samples.petclinic.owner.BindingResult,int]",result,1
C:\Users\draj0.CHANDRIKAV\Downloads\spring-petclinic-main\spring-petclinic-main\src\main\java\org\springframework\samples\petclinic\owner\OwnerController.java,org.springframework.samples.petclinic.owner.OwnerController,"processUpdateOwnerForm/3[org.springframework.samples.petclinic.owner.Owner,org.springframework.samples.petclinic.owner.BindingResult,int]",ownerId,1
C:\Users\draj0.CHANDRIKAV\Downloads\spring-petclinic-main\spring-petclinic-main\src\main\java\org\springframework\samples\petclinic\owner\OwnerController.java,org.springframework.samples.petclinic.owner.OwnerController,"initCreationForm/1[java.util.Map<java.lang.String,java.lang.Object>]",owner,1
C:\Users\draj0.CHANDRIKAV\Downloads\spring-petclinic-main\spring-petclinic-main\src\main\java\org\springframework\samples\petclinic\owner\OwnerController.java,org.springframework.samples.petclinic.owner.OwnerController,"initCreationForm/1[java.util.Map<java.lang.String,java.lang.Object>]",model,1
C:\Users\draj0.CHANDRIKAV\Downloads\spring-petclinic-main\spring-petclinic-main\src\main\java\org\springframework\samples\petclinic\owner\OwnerController.java,org.springframework.samples.petclinic.owner.OwnerController,"initUpdateOwnerForm/2[int,org.springframework.samples.petclinic.owner.Model]",owner,1
C:\Users\draj0.CHANDRIKAV\Downloads\spring-petclinic-main\spring-petclinic-main\src\main\java\org\springframework\samples\petclinic\owner\OwnerController.java,org.springframework.samples.petclinic.owner.OwnerController,"initUpdateOwnerForm/2[int,org.springframework.samples.petclinic.owner.Model]",model,1
C:\Users\draj0.CHANDRIKAV\Downloads\spring-petclinic-main\spring-petclinic-main\src\main\java\org\springframework\samples\petclinic\owner\OwnerController.java,org.springframework.samples.petclinic.owner.OwnerController,"initUpdateOwnerForm/2[int,org.springframework.samples.petclinic.owner.Model]",ownerId,1
C:\Users\draj0.CHANDRIKAV\Downloads\spring-petclinic-main\spring-petclinic-main\src\main\java\org\springframework\samples\petclinic\owner\OwnerController.java,org.springframework.samples.petclinic.owner.OwnerController,findOwner/1[java.lang.Integer],ownerId,2
C:\Users\draj0.CHANDRIKAV\Downloads\spring-petclinic-main\spring-petclinic-main\src\main\java\org\springframework\samples\petclinic\owner\OwnerController.java,org.springframework.samples.petclinic.owner.OwnerController,setAllowedFields/1[org.springframework.samples.petclinic.owner.WebDataBinder],dataBinder,1
C:\Users\draj0.CHANDRIKAV\Downloads\spring-petclinic-main\spring-petclinic-main\src\main\java\org\springframework\samples\petclinic\owner\OwnerController.java,org.springframework.samples.petclinic.owner.OwnerController,"processCreationForm/2[org.springframework.samples.petclinic.owner.Owner,org.springframework.samples.petclinic.owner.BindingResult]",owner,2
C:\Users\draj0.CHANDRIKAV\Downloads\spring-petclinic-main\spring-petclinic-main\src\main\java\org\springframework\samples\petclinic\owner\OwnerController.java,org.springframework.samples.petclinic.owner.OwnerController,"processCreationForm/2[org.springframework.samples.petclinic.owner.Owner,org.springframework.samples.petclinic.owner.BindingResult]",result,1
C:\Users\draj0.CHANDRIKAV\Downloads\spring-petclinic-main\spring-petclinic-main\src\main\java\org\springframework\samples\petclinic\owner\OwnerController.java,org.springframework.samples.petclinic.owner.OwnerController,showOwner/1[int],owner,1
C:\Users\draj0.CHANDRIKAV\Downloads\spring-petclinic-main\spring-petclinic-main\src\main\java\org\springframework\samples\petclinic\owner\OwnerController.java,org.springframework.samples.petclinic.owner.OwnerController,showOwner/1[int],mav,2
C:\Users\draj0.CHANDRIKAV\Downloads\spring-petclinic-main\spring-petclinic-main\src\main\java\org\springframework\samples\petclinic\owner\OwnerController.java,org.springframework.samples.petclinic.owner.OwnerController,showOwner/1[int],ownerId,1
C:\Users\draj0.CHANDRIKAV\Downloads\spring-petclinic-main\spring-petclinic-main\src\main\java\org\springframework\samples\petclinic\system\CacheConfiguration.java,org.springframework.samples.petclinic.system.CacheConfiguration,petclinicCacheConfigurationCustomizer/0,cm,1
C:\Users\draj0.CHANDRIKAV\Downloads\spring-petclinic-main\spring-petclinic-main\src\main\java\org\springframework\samples\petclinic\vet\Vet.java,org.springframework.samples.petclinic.vet.Vet,getSpecialties/0,sortedSpecs,2
C:\Users\draj0.CHANDRIKAV\Downloads\spring-petclinic-main\spring-petclinic-main\src\main\java\org\springframework\samples\petclinic\vet\Vet.java,org.springframework.samples.petclinic.vet.Vet,addSpecialty/1[org.springframework.samples.petclinic.vet.Specialty],specialty,1
C:\Users\draj0.CHANDRIKAV\Downloads\spring-petclinic-main\spring-petclinic-main\src\main\java\org\springframework\samples\petclinic\vet\Vet.java,org.springframework.samples.petclinic.vet.Vet,setSpecialtiesInternal/1[java.util.Set<org.springframework.samples.petclinic.vet.Specialty>],specialties,2
